order_id,user_id,status,promo_id,order_date,updated_at
1,14,delivered,,2024-08-14 00:00:00,2024-08-22 07:00:00
2,108,shipped,,2024-08-09 00:00:00,2024-08-11 06:00:00
3,71,delivered,,2024-04-04 00:00:00,2024-04-09 17:00:00
4,137,shipped,,2024-06-27 00:00:00,2024-07-07 05:00:00
5,183,delivered,,2024-03-19 00:00:00,2024-03-20 10:00:00
6,82,delivered,,2024-11-19 00:00:00,2024-11-29 14:00:00
7,127,shipped,,2024-10-17 00:00:00,2024-10-24 09:00:00
8,50,delivered,,2024-11-26 00:00:00,2024-12-01 17:00:00
9,104,shipped,,2024-08-07 00:00:00,2024-08-14 19:00:00
10,16,delivered,,2024-10-26 00:00:00,2024-10-29 23:00:00
11,97,delivered,,2024-01-01 00:00:00,2024-01-05 09:00:00
12,190,delivered,1,2024-01-08 00:00:00,2024-01-09 03:00:00
13,159,delivered,3,2024-07-03 00:00:00,2024-07-10 10:00:00
14,69,delivered,,2024-03-02 00:00:00,2024-03-12 03:00:00
15,160,shipped,,2024-02-22 00:00:00,2024-02-29 01:00:00
16,20,delivered,2,2024-02-16 00:00:00,2024-02-21 04:00:00
17,63,delivered,,2024-10-01 00:00:00,2024-10-11 05:00:00
18,34,cancelled,,2024-03-17 00:00:00,2024-03-27 22:00:00
19,44,cancelled,,2024-02-06 00:00:00,2024-02-14 04:00:00
20,119,delivered,,2024-12-10 00:00:00,2024-12-12 19:00:00
21,40,delivered,,2024-11-04 00:00:00,2024-11-10 18:00:00
22,172,shipped,,2024-06-11 00:00:00,2024-06-18 18:00:00
23,32,delivered,,2024-05-26 00:00:00,2024-05-27 17:00:00
24,163,returned,,2024-10-20 00:00:00,2024-10-29 20:00:00
25,94,delivered,2,2024-12-27 00:00:00,2025-01-06 04:00:00
26,100,delivered,,2024-03-13 00:00:00,2024-03-20 22:00:00
27,184,processing,,2024-09-19 00:00:00,2024-09-29 19:00:00
28,82,shipped,,2024-12-17 00:00:00,2024-12-24 13:00:00
29,149,shipped,1,2024-04-20 00:00:00,2024-04-22 07:00:00
30,109,delivered,,2024-11-04 00:00:00,2024-11-14 03:00:00
31,30,delivered,,2024-09-02 00:00:00,2024-09-10 02:00:00
32,100,delivered,,2024-02-12 00:00:00,2024-02-17 03:00:00
33,20,returned,1,2024-09-16 00:00:00,2024-09-25 02:00:00
34,98,delivered,,2024-02-10 00:00:00,2024-02-15 08:00:00
35,20,shipped,,2024-07-16 00:00:00,2024-07-21 12:00:00
36,88,delivered,,2024-11-01 00:00:00,2024-11-09 21:00:00
37,112,delivered,,2024-03-06 00:00:00,2024-03-16 13:00:00
38,153,delivered,,2024-12-06 00:00:00,2024-12-10 22:00:00
39,128,delivered,,2024-09-26 00:00:00,2024-10-04 12:00:00
40,47,shipped,,2024-04-28 00:00:00,2024-05-06 02:00:00
41,187,delivered,,2024-02-07 00:00:00,2024-02-11 19:00:00
42,136,returned,,2024-02-01 00:00:00,2024-02-08 15:00:00
43,163,delivered,,2024-07-08 00:00:00,2024-07-16 08:00:00
44,109,delivered,,2024-11-11 00:00:00,2024-11-15 16:00:00
45,146,delivered,,2024-02-19 00:00:00,2024-02-25 06:00:00
46,167,delivered,3,2024-12-22 00:00:00,2024-12-23 19:00:00
47,39,delivered,,2024-12-25 00:00:00,2024-12-27 13:00:00
48,150,delivered,,2024-09-04 00:00:00,2024-09-13 07:00:00
49,60,delivered,,2024-07-10 00:00:00,2024-07-11 16:00:00
50,106,delivered,,2024-08-09 00:00:00,2024-08-16 01:00:00
51,194,shipped,,2024-08-28 00:00:00,2024-09-05 16:00:00
52,160,delivered,,2024-05-08 00:00:00,2024-05-13 21:00:00
53,145,cancelled,,2024-11-07 00:00:00,2024-11-09 22:00:00
54,119,delivered,1,2024-09-03 00:00:00,2024-09-13 04:00:00
55,200,shipped,,2024-11-29 00:00:00,2024-12-02 19:00:00
56,43,returned,,2024-04-15 00:00:00,2024-04-17 17:00:00
57,120,delivered,,2024-10-17 00:00:00,2024-10-23 21:00:00
58,46,delivered,,2024-01-30 00:00:00,2024-01-31 09:00:00
59,43,shipped,,2024-09-20 00:00:00,2024-09-28 15:00:00
60,62,returned,,2024-04-29 00:00:00,2024-05-01 05:00:00
61,159,delivered,,2024-03-31 00:00:00,2024-04-06 14:00:00
62,10,shipped,2,2024-09-16 00:00:00,2024-09-20 11:00:00
63,42,shipped,,2024-09-25 00:00:00,2024-09-30 14:00:00
64,152,delivered,,2024-11-20 00:00:00,2024-11-24 02:00:00
65,168,delivered,2,2024-08-03 00:00:00,2024-08-10 04:00:00
66,135,shipped,,2024-08-25 00:00:00,2024-09-03 17:00:00
67,105,delivered,,2024-05-22 00:00:00,2024-05-29 14:00:00
68,115,shipped,,2024-05-26 00:00:00,2024-06-02 08:00:00
69,151,delivered,,2024-07-04 00:00:00,2024-07-08 20:00:00
70,151,delivered,2,2024-04-17 00:00:00,2024-04-26 04:00:00
71,72,delivered,,2024-03-26 00:00:00,2024-04-01 13:00:00
72,168,delivered,,2024-02-28 00:00:00,2024-03-01 04:00:00
73,142,delivered,,2024-04-10 00:00:00,2024-04-15 14:00:00
74,58,shipped,2,2024-07-06 00:00:00,2024-07-12 06:00:00
75,42,shipped,,2024-07-02 00:00:00,2024-07-12 09:00:00
76,133,delivered,,2024-01-26 00:00:00,2024-02-02 17:00:00
77,122,delivered,4,2024-07-17 00:00:00,2024-07-25 08:00:00
78,109,delivered,,2024-01-22 00:00:00,2024-01-25 02:00:00
79,124,delivered,,2024-02-19 00:00:00,2024-02-27 09:00:00
80,185,delivered,,2024-09-03 00:00:00,2024-09-10 10:00:00
81,107,delivered,,2024-06-12 00:00:00,2024-06-18 03:00:00
82,68,delivered,,2024-08-29 00:00:00,2024-09-07 22:00:00
83,130,delivered,,2024-10-30 00:00:00,2024-11-01 08:00:00
84,122,cancelled,,2024-03-02 00:00:00,2024-03-08 18:00:00
85,36,delivered,1,2024-09-28 00:00:00,2024-10-08 03:00:00
86,94,delivered,,2024-09-20 00:00:00,2024-09-25 07:00:00
87,176,delivered,,2024-02-17 00:00:00,2024-02-18 10:00:00
88,193,shipped,,2024-06-15 00:00:00,2024-06-23 19:00:00
89,105,returned,,2024-06-18 00:00:00,2024-06-25 07:00:00
90,112,shipped,,2024-07-28 00:00:00,2024-08-06 20:00:00
91,138,delivered,,2024-01-27 00:00:00,2024-01-29 23:00:00
92,15,delivered,1,2024-02-18 00:00:00,2024-02-27 08:00:00
93,90,delivered,,2024-12-02 00:00:00,2024-12-06 16:00:00
94,150,delivered,,2024-11-23 00:00:00,2024-11-25 15:00:00
95,197,returned,,2024-07-24 00:00:00,2024-07-29 07:00:00
96,3,shipped,,2024-01-20 00:00:00,2024-01-25 05:00:00
97,88,returned,4,2024-01-23 00:00:00,2024-01-28 07:00:00
98,20,delivered,,2024-04-24 00:00:00,2024-05-01 08:00:00
99,119,processing,,2024-05-26 00:00:00,2024-05-27 05:00:00
100,110,returned,2,2024-02-17 00:00:00,2024-02-25 09:00:00
101,134,shipped,2,2024-03-04 00:00:00,2024-03-10 23:00:00
102,14,delivered,1,2024-08-12 00:00:00,2024-08-21 18:00:00
103,167,delivered,,2024-07-14 00:00:00,2024-07-18 19:00:00
104,194,delivered,,2024-10-18 00:00:00,2024-10-27 12:00:00
105,4,returned,,2024-08-13 00:00:00,2024-08-21 15:00:00
106,139,cancelled,,2024-12-03 00:00:00,2024-12-13 17:00:00
107,165,delivered,,2024-09-18 00:00:00,2024-09-22 04:00:00
108,188,delivered,,2024-06-17 00:00:00,2024-06-22 22:00:00
109,98,delivered,,2024-01-24 00:00:00,2024-01-31 17:00:00
110,6,delivered,,2024-04-27 00:00:00,2024-04-28 15:00:00
111,105,cancelled,,2024-12-20 00:00:00,2024-12-27 09:00:00
112,69,returned,,2024-04-17 00:00:00,2024-04-27 03:00:00
113,25,delivered,1,2024-12-14 00:00:00,2024-12-15 14:00:00
114,58,delivered,,2024-01-09 00:00:00,2024-01-17 16:00:00
115,150,delivered,3,2024-11-16 00:00:00,2024-11-25 20:00:00
116,193,processing,,2024-05-11 00:00:00,2024-05-16 12:00:00
117,69,delivered,3,2024-06-06 00:00:00,2024-06-15 06:00:00
118,147,delivered,,2024-11-30 00:00:00,2024-12-07 10:00:00
119,74,delivered,,2024-07-25 00:00:00,2024-08-04 11:00:00
120,101,delivered,3,2024-12-04 00:00:00,2024-12-09 06:00:00
121,104,delivered,,2024-01-24 00:00:00,2024-01-30 20:00:00
122,189,shipped,,2024-09-26 00:00:00,2024-10-06 15:00:00
123,87,shipped,,2024-05-01 00:00:00,2024-05-06 14:00:00
124,120,delivered,,2024-03-22 00:00:00,2024-03-24 10:00:00
125,125,delivered,,2024-02-04 00:00:00,2024-02-11 04:00:00
126,41,delivered,,2024-08-24 00:00:00,2024-08-28 17:00:00
127,82,delivered,3,2024-03-31 00:00:00,2024-04-09 17:00:00
128,162,delivered,,2024-01-24 00:00:00,2024-01-27 08:00:00
129,127,delivered,,2024-11-06 00:00:00,2024-11-07 07:00:00
130,151,delivered,2,2024-03-24 00:00:00,2024-04-01 02:00:00
131,137,delivered,,2024-01-22 00:00:00,2024-01-29 04:00:00
132,48,delivered,,2024-10-25 00:00:00,2024-11-04 01:00:00
133,5,shipped,,2024-08-06 00:00:00,2024-08-07 21:00:00
134,40,delivered,,2024-03-08 00:00:00,2024-03-09 13:00:00
135,103,delivered,,2024-08-19 00:00:00,2024-08-23 18:00:00
136,160,delivered,,2024-10-22 00:00:00,2024-10-25 11:00:00
137,195,returned,,2024-12-20 00:00:00,2024-12-24 03:00:00
138,56,delivered,,2024-07-27 00:00:00,2024-08-02 12:00:00
139,180,delivered,,2024-11-02 00:00:00,2024-11-06 20:00:00
140,126,delivered,,2024-07-31 00:00:00,2024-08-06 22:00:00
141,105,delivered,,2024-05-29 00:00:00,2024-06-03 22:00:00
142,142,delivered,,2024-02-23 00:00:00,2024-02-27 20:00:00
143,163,delivered,,2024-10-01 00:00:00,2024-10-11 20:00:00
144,170,shipped,,2024-08-09 00:00:00,2024-08-16 01:00:00
145,40,delivered,,2024-07-15 00:00:00,2024-07-25 15:00:00
146,84,shipped,4,2024-12-13 00:00:00,2024-12-15 11:00:00
147,151,returned,,2024-10-25 00:00:00,2024-10-31 18:00:00
148,59,shipped,3,2024-01-21 00:00:00,2024-01-29 15:00:00
149,188,delivered,,2024-05-22 00:00:00,2024-05-29 17:00:00
150,186,delivered,,2024-11-12 00:00:00,2024-11-14 11:00:00
151,76,delivered,4,2024-01-24 00:00:00,2024-01-28 17:00:00
152,57,shipped,,2024-04-16 00:00:00,2024-04-20 03:00:00
153,26,delivered,1,2024-07-17 00:00:00,2024-07-24 12:00:00
154,175,delivered,,2024-09-02 00:00:00,2024-09-05 14:00:00
155,58,delivered,,2024-08-22 00:00:00,2024-08-29 12:00:00
156,29,shipped,,2024-11-22 00:00:00,2024-11-30 22:00:00
157,120,returned,,2024-10-15 00:00:00,2024-10-24 15:00:00
158,32,shipped,,2024-01-24 00:00:00,2024-01-27 01:00:00
159,17,delivered,,2024-12-28 00:00:00,2025-01-06 15:00:00
160,108,delivered,,2024-09-11 00:00:00,2024-09-12 22:00:00
161,128,shipped,,2024-10-06 00:00:00,2024-10-09 16:00:00
162,35,delivered,,2024-11-19 00:00:00,2024-11-21 03:00:00
163,109,delivered,,2024-05-22 00:00:00,2024-05-23 17:00:00
164,14,shipped,,2024-10-13 00:00:00,2024-10-18 20:00:00
165,144,shipped,,2024-01-14 00:00:00,2024-01-23 06:00:00
166,5,delivered,2,2024-01-21 00:00:00,2024-01-24 02:00:00
167,18,delivered,,2024-08-01 00:00:00,2024-08-09 22:00:00
168,113,delivered,,2024-12-14 00:00:00,2024-12-22 13:00:00
169,189,shipped,,2024-11-18 00:00:00,2024-11-20 18:00:00
170,158,delivered,,2024-11-06 00:00:00,2024-11-09 13:00:00
171,95,delivered,,2024-05-12 00:00:00,2024-05-19 01:00:00
172,144,delivered,,2024-01-06 00:00:00,2024-01-16 07:00:00
173,174,delivered,,2024-11-18 00:00:00,2024-11-26 15:00:00
174,166,delivered,3,2024-10-24 00:00:00,2024-11-02 19:00:00
175,124,shipped,,2024-02-05 00:00:00,2024-02-13 03:00:00
176,23,delivered,,2024-12-27 00:00:00,2025-01-01 15:00:00
177,178,delivered,,2024-04-09 00:00:00,2024-04-17 01:00:00
178,45,shipped,,2024-07-18 00:00:00,2024-07-22 22:00:00
179,21,shipped,,2024-05-04 00:00:00,2024-05-06 05:00:00
180,12,delivered,,2024-11-07 00:00:00,2024-11-12 20:00:00
181,154,delivered,,2024-03-08 00:00:00,2024-03-13 02:00:00
182,2,delivered,4,2024-07-24 00:00:00,2024-08-02 19:00:00
183,139,shipped,,2024-01-29 00:00:00,2024-02-08 15:00:00
184,117,delivered,4,2024-06-18 00:00:00,2024-06-24 16:00:00
185,122,cancelled,,2024-06-17 00:00:00,2024-06-24 05:00:00
186,39,delivered,2,2024-01-15 00:00:00,2024-01-24 12:00:00
187,158,processing,,2024-02-15 00:00:00,2024-02-25 07:00:00
188,85,shipped,,2024-03-17 00:00:00,2024-03-26 08:00:00
189,9,delivered,1,2024-07-23 00:00:00,2024-07-29 18:00:00
190,82,cancelled,1,2024-06-05 00:00:00,2024-06-11 04:00:00
191,45,returned,,2024-11-03 00:00:00,2024-11-12 13:00:00
192,71,shipped,,2024-07-15 00:00:00,2024-07-24 08:00:00
193,187,returned,,2024-12-25 00:00:00,2024-12-30 04:00:00
194,188,delivered,,2024-12-19 00:00:00,2024-12-22 11:00:00
195,117,delivered,,2024-01-16 00:00:00,2024-01-22 07:00:00
196,5,delivered,4,2024-07-09 00:00:00,2024-07-12 14:00:00
197,146,delivered,3,2024-06-02 00:00:00,2024-06-08 01:00:00
198,197,shipped,,2024-10-12 00:00:00,2024-10-21 01:00:00
199,102,delivered,3,2024-10-26 00:00:00,2024-11-02 07:00:00
200,90,returned,,2024-07-08 00:00:00,2024-07-13 14:00:00
201,20,processing,,2024-09-03 00:00:00,2024-09-11 08:00:00
202,199,delivered,1,2024-11-07 00:00:00,2024-11-11 06:00:00
203,115,delivered,,2024-11-28 00:00:00,2024-12-01 17:00:00
204,191,delivered,,2024-03-18 00:00:00,2024-03-21 08:00:00
205,160,delivered,,2024-05-21 00:00:00,2024-05-26 12:00:00
206,136,shipped,2,2024-01-14 00:00:00,2024-01-20 21:00:00
207,196,returned,,2024-04-27 00:00:00,2024-05-06 20:00:00
208,170,delivered,,2024-07-20 00:00:00,2024-07-25 04:00:00
209,162,delivered,2,2024-09-08 00:00:00,2024-09-16 20:00:00
210,110,delivered,,2024-04-10 00:00:00,2024-04-11 03:00:00
211,184,delivered,,2024-07-25 00:00:00,2024-07-29 15:00:00
212,190,processing,,2024-02-16 00:00:00,2024-02-24 21:00:00
213,14,shipped,,2024-07-03 00:00:00,2024-07-11 23:00:00
214,83,delivered,,2024-02-05 00:00:00,2024-02-12 16:00:00
215,173,shipped,4,2024-02-26 00:00:00,2024-03-06 22:00:00
216,29,delivered,3,2024-06-29 00:00:00,2024-07-09 03:00:00
217,88,delivered,,2024-04-19 00:00:00,2024-04-24 09:00:00
218,56,processing,,2024-07-17 00:00:00,2024-07-21 04:00:00
219,141,delivered,1,2024-02-23 00:00:00,2024-02-27 14:00:00
220,153,shipped,2,2024-06-12 00:00:00,2024-06-19 15:00:00
221,153,shipped,,2024-02-29 00:00:00,2024-03-08 23:00:00
222,81,delivered,,2024-10-19 00:00:00,2024-10-24 18:00:00
223,130,delivered,,2024-07-01 00:00:00,2024-07-02 21:00:00
224,1,delivered,,2024-04-14 00:00:00,2024-04-17 05:00:00
225,76,delivered,,2024-06-01 00:00:00,2024-06-10 01:00:00
226,125,returned,2,2024-08-30 00:00:00,2024-09-09 12:00:00
227,191,delivered,4,2024-02-28 00:00:00,2024-03-05 02:00:00
228,55,delivered,,2024-01-22 00:00:00,2024-01-24 01:00:00
229,47,shipped,,2024-02-21 00:00:00,2024-02-23 10:00:00
230,37,shipped,,2024-06-03 00:00:00,2024-06-13 13:00:00
231,167,shipped,,2024-12-19 00:00:00,2024-12-24 02:00:00
232,159,returned,2,2024-09-04 00:00:00,2024-09-07 18:00:00
233,168,delivered,2,2024-06-29 00:00:00,2024-07-01 02:00:00
234,134,returned,1,2024-11-16 00:00:00,2024-11-23 13:00:00
235,178,processing,,2024-08-29 00:00:00,2024-09-07 22:00:00
236,155,shipped,,2024-10-10 00:00:00,2024-10-13 01:00:00
237,48,returned,,2024-07-18 00:00:00,2024-07-25 09:00:00
238,83,shipped,,2024-04-11 00:00:00,2024-04-20 11:00:00
239,172,delivered,,2024-06-04 00:00:00,2024-06-08 08:00:00
240,7,delivered,,2024-12-17 00:00:00,2024-12-27 09:00:00
241,184,delivered,,2024-03-05 00:00:00,2024-03-08 01:00:00
242,26,processing,1,2024-06-16 00:00:00,2024-06-21 11:00:00
243,188,delivered,,2024-01-24 00:00:00,2024-01-26 16:00:00
244,84,delivered,,2024-07-19 00:00:00,2024-07-25 23:00:00
245,65,delivered,,2024-12-10 00:00:00,2024-12-13 01:00:00
246,71,delivered,,2024-04-29 00:00:00,2024-04-30 23:00:00
247,138,returned,1,2024-05-15 00:00:00,2024-05-18 05:00:00
248,11,delivered,,2024-09-14 00:00:00,2024-09-22 11:00:00
249,19,shipped,,2024-09-10 00:00:00,2024-09-16 15:00:00
250,117,processing,,2024-07-08 00:00:00,2024-07-11 19:00:00
251,186,delivered,,2024-09-09 00:00:00,2024-09-12 08:00:00
252,51,shipped,4,2024-11-17 00:00:00,2024-11-23 06:00:00
253,123,shipped,,2024-10-09 00:00:00,2024-10-17 06:00:00
254,150,delivered,,2024-04-23 00:00:00,2024-04-24 06:00:00
255,93,returned,,2024-04-24 00:00:00,2024-04-27 09:00:00
256,96,delivered,1,2024-07-12 00:00:00,2024-07-19 21:00:00
257,152,processing,,2024-11-07 00:00:00,2024-11-08 08:00:00
258,200,delivered,3,2024-05-13 00:00:00,2024-05-16 22:00:00
259,92,delivered,,2024-04-18 00:00:00,2024-04-20 14:00:00
260,28,delivered,3,2024-12-24 00:00:00,2024-12-28 13:00:00
261,107,cancelled,,2024-08-18 00:00:00,2024-08-22 02:00:00
262,100,shipped,,2024-05-29 00:00:00,2024-06-08 20:00:00
263,83,shipped,,2024-11-18 00:00:00,2024-11-26 14:00:00
264,86,delivered,,2024-07-31 00:00:00,2024-08-08 05:00:00
265,195,shipped,,2024-04-15 00:00:00,2024-04-19 01:00:00
266,89,delivered,,2024-11-09 00:00:00,2024-11-16 13:00:00
267,16,delivered,,2024-02-24 00:00:00,2024-03-03 21:00:00
268,68,cancelled,,2024-08-18 00:00:00,2024-08-27 06:00:00
269,168,delivered,3,2024-01-18 00:00:00,2024-01-22 05:00:00
270,80,processing,,2024-06-28 00:00:00,2024-07-07 13:00:00
271,52,cancelled,,2024-12-08 00:00:00,2024-12-11 13:00:00
272,93,delivered,,2024-04-27 00:00:00,2024-05-05 16:00:00
273,9,delivered,,2024-08-13 00:00:00,2024-08-19 11:00:00
274,88,delivered,,2024-01-31 00:00:00,2024-02-03 09:00:00
275,14,delivered,4,2024-08-18 00:00:00,2024-08-23 14:00:00
276,114,delivered,,2024-10-25 00:00:00,2024-10-30 02:00:00
277,105,shipped,4,2024-02-06 00:00:00,2024-02-08 14:00:00
278,62,returned,,2024-02-09 00:00:00,2024-02-17 17:00:00
279,85,delivered,2,2024-08-13 00:00:00,2024-08-23 05:00:00
280,98,shipped,,2024-05-17 00:00:00,2024-05-25 21:00:00
281,14,shipped,1,2024-01-13 00:00:00,2024-01-14 06:00:00
282,129,returned,,2024-05-25 00:00:00,2024-05-29 17:00:00
283,145,delivered,3,2024-12-24 00:00:00,2024-12-29 12:00:00
284,158,delivered,,2024-06-17 00:00:00,2024-06-23 10:00:00
285,154,shipped,,2024-04-27 00:00:00,2024-04-29 20:00:00
286,195,shipped,,2024-11-04 00:00:00,2024-11-08 21:00:00
287,43,delivered,1,2024-05-02 00:00:00,2024-05-03 05:00:00
288,119,delivered,3,2024-04-25 00:00:00,2024-05-04 06:00:00
289,134,shipped,2,2024-11-01 00:00:00,2024-11-04 03:00:00
290,128,delivered,1,2024-02-11 00:00:00,2024-02-17 22:00:00
291,101,processing,,2024-03-22 00:00:00,2024-03-27 02:00:00
292,199,delivered,,2024-01-04 00:00:00,2024-01-09 14:00:00
293,3,delivered,,2024-10-14 00:00:00,2024-10-23 23:00:00
294,99,delivered,,2024-04-26 00:00:00,2024-05-04 14:00:00
295,60,delivered,3,2024-04-15 00:00:00,2024-04-19 21:00:00
296,198,delivered,3,2024-04-10 00:00:00,2024-04-19 08:00:00
297,91,delivered,,2024-12-01 00:00:00,2024-12-10 15:00:00
298,51,delivered,,2024-09-26 00:00:00,2024-10-05 22:00:00
299,126,delivered,,2024-12-05 00:00:00,2024-12-06 22:00:00
300,127,delivered,3,2024-06-20 00:00:00,2024-06-21 15:00:00
301,128,shipped,3,2024-05-10 00:00:00,2024-05-16 02:00:00
302,100,delivered,4,2024-11-03 00:00:00,2024-11-08 16:00:00
303,25,delivered,,2024-04-27 00:00:00,2024-05-02 16:00:00
304,128,delivered,,2024-08-20 00:00:00,2024-08-22 12:00:00
305,196,delivered,,2024-09-25 00:00:00,2024-10-02 02:00:00
306,82,delivered,,2024-12-07 00:00:00,2024-12-11 14:00:00
307,25,shipped,,2024-07-28 00:00:00,2024-08-01 22:00:00
308,58,delivered,,2024-03-27 00:00:00,2024-04-05 11:00:00
309,184,cancelled,,2024-09-14 00:00:00,2024-09-19 18:00:00
310,98,processing,,2024-09-28 00:00:00,2024-10-05 08:00:00
311,133,delivered,,2024-06-12 00:00:00,2024-06-17 17:00:00
312,88,delivered,,2024-10-24 00:00:00,2024-10-31 14:00:00
313,74,processing,,2024-04-01 00:00:00,2024-04-06 14:00:00
314,45,shipped,4,2024-09-29 00:00:00,2024-10-02 04:00:00
315,120,returned,,2024-05-16 00:00:00,2024-05-19 04:00:00
316,185,shipped,4,2024-07-05 00:00:00,2024-07-13 03:00:00
317,136,delivered,,2024-02-07 00:00:00,2024-02-08 11:00:00
318,142,cancelled,,2024-11-02 00:00:00,2024-11-09 11:00:00
319,108,delivered,1,2024-11-19 00:00:00,2024-11-20 15:00:00
320,170,shipped,,2024-01-27 00:00:00,2024-01-30 20:00:00
321,55,delivered,,2024-02-03 00:00:00,2024-02-04 19:00:00
322,45,delivered,,2024-02-20 00:00:00,2024-03-01 15:00:00
323,93,delivered,,2024-06-21 00:00:00,2024-06-30 07:00:00
324,147,cancelled,1,2024-08-17 00:00:00,2024-08-22 09:00:00
325,136,delivered,,2024-10-13 00:00:00,2024-10-20 07:00:00
326,178,shipped,,2024-11-02 00:00:00,2024-11-04 16:00:00
327,34,delivered,,2024-10-09 00:00:00,2024-10-15 17:00:00
328,168,shipped,,2024-05-31 00:00:00,2024-06-05 12:00:00
329,120,shipped,1,2024-05-23 00:00:00,2024-05-24 07:00:00
330,31,shipped,2,2024-06-03 00:00:00,2024-06-07 09:00:00
331,51,shipped,,2024-03-17 00:00:00,2024-03-20 11:00:00
332,192,delivered,,2024-09-03 00:00:00,2024-09-07 05:00:00
333,167,delivered,,2024-08-06 00:00:00,2024-08-10 05:00:00
334,14,shipped,,2024-03-28 00:00:00,2024-04-04 22:00:00
335,62,cancelled,3,2024-01-20 00:00:00,2024-01-30 04:00:00
336,194,delivered,,2024-06-13 00:00:00,2024-06-18 01:00:00
337,17,delivered,3,2024-12-24 00:00:00,2024-12-30 03:00:00
338,59,cancelled,1,2024-07-01 00:00:00,2024-07-06 21:00:00
339,142,processing,,2024-03-28 00:00:00,2024-04-01 12:00:00
340,79,shipped,,2024-10-02 00:00:00,2024-10-06 07:00:00
341,109,delivered,,2024-07-11 00:00:00,2024-07-12 01:00:00
342,76,delivered,,2024-02-17 00:00:00,2024-02-25 13:00:00
343,8,processing,,2024-04-17 00:00:00,2024-04-19 06:00:00
344,164,delivered,,2024-03-11 00:00:00,2024-03-14 11:00:00
345,108,returned,,2024-04-19 00:00:00,2024-04-24 21:00:00
346,199,delivered,,2024-11-03 00:00:00,2024-11-05 21:00:00
347,66,delivered,,2024-06-17 00:00:00,2024-06-27 07:00:00
348,15,delivered,,2024-01-29 00:00:00,2024-02-08 17:00:00
349,84,delivered,,2024-04-14 00:00:00,2024-04-21 08:00:00
350,61,delivered,,2024-03-09 00:00:00,2024-03-15 02:00:00
351,13,shipped,1,2024-03-01 00:00:00,2024-03-02 23:00:00
352,119,delivered,,2024-04-12 00:00:00,2024-04-15 15:00:00
353,137,shipped,,2024-10-18 00:00:00,2024-10-22 20:00:00
354,92,shipped,,2024-02-19 00:00:00,2024-02-29 15:00:00
355,145,delivered,4,2024-02-23 00:00:00,2024-02-28 15:00:00
356,41,shipped,,2024-10-12 00:00:00,2024-10-13 14:00:00
357,31,cancelled,,2024-08-17 00:00:00,2024-08-25 17:00:00
358,2,returned,,2024-09-07 00:00:00,2024-09-11 04:00:00
359,187,processing,,2024-09-18 00:00:00,2024-09-24 19:00:00
360,126,delivered,,2024-04-15 00:00:00,2024-04-16 01:00:00
361,74,shipped,,2024-01-10 00:00:00,2024-01-18 02:00:00
362,60,shipped,,2024-10-14 00:00:00,2024-10-22 05:00:00
363,173,shipped,,2024-04-07 00:00:00,2024-04-10 18:00:00
364,15,delivered,,2024-06-08 00:00:00,2024-06-10 06:00:00
365,134,delivered,,2024-09-06 00:00:00,2024-09-15 15:00:00
366,45,shipped,,2024-10-23 00:00:00,2024-10-30 10:00:00
367,149,delivered,1,2024-11-09 00:00:00,2024-11-11 13:00:00
368,191,shipped,4,2024-05-27 00:00:00,2024-05-30 19:00:00
369,46,returned,,2024-09-07 00:00:00,2024-09-10 20:00:00
370,33,delivered,,2024-12-13 00:00:00,2024-12-18 17:00:00
371,138,delivered,,2024-10-19 00:00:00,2024-10-24 18:00:00
372,200,delivered,,2024-07-26 00:00:00,2024-07-27 01:00:00
373,128,delivered,,2024-02-06 00:00:00,2024-02-14 01:00:00
374,164,delivered,2,2024-11-01 00:00:00,2024-11-07 15:00:00
375,85,delivered,,2024-04-08 00:00:00,2024-04-10 05:00:00
376,112,delivered,,2024-10-07 00:00:00,2024-10-17 17:00:00
377,200,delivered,3,2024-05-24 00:00:00,2024-05-29 01:00:00
378,59,delivered,2,2024-08-16 00:00:00,2024-08-21 07:00:00
379,8,returned,,2024-04-26 00:00:00,2024-05-03 15:00:00
380,161,delivered,,2024-08-31 00:00:00,2024-09-07 07:00:00
381,4,delivered,1,2024-01-11 00:00:00,2024-01-18 01:00:00
382,157,returned,,2024-03-18 00:00:00,2024-03-24 11:00:00
383,168,delivered,,2024-12-09 00:00:00,2024-12-12 12:00:00
384,77,delivered,2,2024-01-01 00:00:00,2024-01-03 18:00:00
385,79,shipped,,2024-02-01 00:00:00,2024-02-08 05:00:00
386,48,delivered,,2024-11-13 00:00:00,2024-11-14 03:00:00
387,176,delivered,,2024-10-17 00:00:00,2024-10-24 04:00:00
388,190,delivered,,2024-09-27 00:00:00,2024-09-28 15:00:00
389,141,delivered,,2024-10-19 00:00:00,2024-10-25 12:00:00
390,106,processing,,2024-03-07 00:00:00,2024-03-14 12:00:00
391,116,delivered,,2024-04-22 00:00:00,2024-04-28 11:00:00
392,109,delivered,2,2024-06-28 00:00:00,2024-07-03 03:00:00
393,79,delivered,,2024-04-23 00:00:00,2024-05-01 16:00:00
394,186,delivered,,2024-09-15 00:00:00,2024-09-22 04:00:00
395,17,delivered,,2024-08-08 00:00:00,2024-08-10 12:00:00
396,100,delivered,,2024-09-21 00:00:00,2024-09-30 17:00:00
397,104,returned,2,2024-11-29 00:00:00,2024-11-30 20:00:00
398,61,delivered,,2024-12-25 00:00:00,2025-01-04 05:00:00
399,176,delivered,,2024-12-12 00:00:00,2024-12-16 02:00:00
400,161,delivered,4,2024-06-27 00:00:00,2024-07-03 10:00:00
401,114,delivered,,2024-02-04 00:00:00,2024-02-07 23:00:00
402,92,returned,,2024-09-23 00:00:00,2024-10-02 14:00:00
403,180,delivered,2,2024-04-21 00:00:00,2024-04-24 02:00:00
404,139,shipped,,2024-12-04 00:00:00,2024-12-14 09:00:00
405,194,delivered,,2024-06-15 00:00:00,2024-06-18 18:00:00
406,68,delivered,1,2024-01-25 00:00:00,2024-01-28 03:00:00
407,181,delivered,,2024-07-19 00:00:00,2024-07-24 01:00:00
408,10,delivered,,2024-10-24 00:00:00,2024-11-02 10:00:00
409,23,delivered,,2024-05-23 00:00:00,2024-05-29 13:00:00
410,29,returned,1,2024-08-18 00:00:00,2024-08-28 17:00:00
411,6,returned,,2024-08-29 00:00:00,2024-09-04 21:00:00
412,42,delivered,,2024-12-11 00:00:00,2024-12-17 05:00:00
413,141,returned,3,2024-12-28 00:00:00,2025-01-01 18:00:00
414,115,delivered,,2024-09-15 00:00:00,2024-09-16 10:00:00
415,18,cancelled,,2024-10-12 00:00:00,2024-10-15 18:00:00
416,56,cancelled,,2024-03-25 00:00:00,2024-03-27 04:00:00
417,142,delivered,,2024-12-16 00:00:00,2024-12-20 06:00:00
418,42,shipped,,2024-09-20 00:00:00,2024-09-26 19:00:00
419,43,delivered,,2024-05-28 00:00:00,2024-06-03 03:00:00
420,17,cancelled,1,2024-07-22 00:00:00,2024-07-31 08:00:00
421,54,delivered,,2024-07-16 00:00:00,2024-07-22 19:00:00
422,87,delivered,,2024-10-19 00:00:00,2024-10-27 01:00:00
423,80,cancelled,,2024-10-18 00:00:00,2024-10-21 09:00:00
424,128,delivered,,2024-10-15 00:00:00,2024-10-22 16:00:00
425,198,delivered,,2024-05-09 00:00:00,2024-05-14 15:00:00
426,135,delivered,,2024-11-21 00:00:00,2024-11-24 02:00:00
427,194,delivered,,2024-02-21 00:00:00,2024-03-02 08:00:00
428,135,returned,,2024-02-14 00:00:00,2024-02-17 23:00:00
429,5,returned,,2024-05-23 00:00:00,2024-05-27 01:00:00
430,189,delivered,,2024-08-03 00:00:00,2024-08-07 13:00:00
431,192,delivered,,2024-04-07 00:00:00,2024-04-13 15:00:00
432,104,delivered,,2024-11-09 00:00:00,2024-11-12 06:00:00
433,35,shipped,3,2024-05-02 00:00:00,2024-05-05 01:00:00
434,182,cancelled,,2024-01-19 00:00:00,2024-01-25 09:00:00
435,45,delivered,,2024-12-08 00:00:00,2024-12-17 21:00:00
436,189,delivered,,2024-05-28 00:00:00,2024-06-01 23:00:00
437,192,shipped,,2024-02-16 00:00:00,2024-02-25 09:00:00
438,98,delivered,1,2024-06-15 00:00:00,2024-06-21 17:00:00
439,166,delivered,,2024-03-15 00:00:00,2024-03-17 05:00:00
440,185,delivered,,2024-10-11 00:00:00,2024-10-13 19:00:00
441,136,delivered,,2024-08-21 00:00:00,2024-08-23 05:00:00
442,180,shipped,,2024-07-30 00:00:00,2024-08-06 15:00:00
443,81,delivered,,2024-03-31 00:00:00,2024-04-06 16:00:00
444,152,delivered,2,2024-11-04 00:00:00,2024-11-06 07:00:00
445,132,shipped,1,2024-09-03 00:00:00,2024-09-06 17:00:00
446,139,delivered,,2024-09-08 00:00:00,2024-09-12 14:00:00
447,134,shipped,,2024-05-08 00:00:00,2024-05-12 17:00:00
448,157,delivered,,2024-09-18 00:00:00,2024-09-23 12:00:00
449,155,delivered,,2024-07-15 00:00:00,2024-07-20 14:00:00
450,88,delivered,,2024-11-08 00:00:00,2024-11-11 19:00:00
451,101,delivered,,2024-04-14 00:00:00,2024-04-18 17:00:00
452,126,delivered,,2024-05-26 00:00:00,2024-06-01 22:00:00
453,152,delivered,1,2024-10-22 00:00:00,2024-11-01 08:00:00
454,14,delivered,,2024-08-23 00:00:00,2024-08-28 13:00:00
455,10,shipped,4,2024-03-15 00:00:00,2024-03-16 03:00:00
456,78,delivered,,2024-08-12 00:00:00,2024-08-19 07:00:00
457,5,delivered,,2024-09-14 00:00:00,2024-09-20 16:00:00
458,51,delivered,,2024-01-31 00:00:00,2024-02-06 13:00:00
459,130,delivered,2,2024-05-07 00:00:00,2024-05-13 08:00:00
460,25,delivered,,2024-10-13 00:00:00,2024-10-20 17:00:00
461,174,shipped,,2024-03-12 00:00:00,2024-03-14 03:00:00
462,174,delivered,,2024-12-16 00:00:00,2024-12-24 03:00:00
463,25,delivered,,2024-07-02 00:00:00,2024-07-11 16:00:00
464,138,delivered,,2024-04-29 00:00:00,2024-05-07 08:00:00
465,55,delivered,2,2024-05-17 00:00:00,2024-05-19 16:00:00
466,87,shipped,3,2024-04-12 00:00:00,2024-04-20 14:00:00
467,24,shipped,,2024-01-23 00:00:00,2024-01-27 05:00:00
468,5,delivered,,2024-04-28 00:00:00,2024-05-08 12:00:00
469,27,returned,4,2024-01-29 00:00:00,2024-02-05 16:00:00
470,6,returned,,2024-07-11 00:00:00,2024-07-21 03:00:00
471,170,delivered,3,2024-07-07 00:00:00,2024-07-15 06:00:00
472,168,delivered,3,2024-05-31 00:00:00,2024-06-08 03:00:00
473,101,delivered,,2024-06-21 00:00:00,2024-06-25 11:00:00
474,169,delivered,,2024-01-30 00:00:00,2024-02-04 20:00:00
475,199,delivered,3,2024-12-27 00:00:00,2024-12-29 06:00:00
476,58,delivered,,2024-03-25 00:00:00,2024-03-29 01:00:00
477,6,delivered,,2024-01-06 00:00:00,2024-01-09 23:00:00
478,21,delivered,4,2024-10-03 00:00:00,2024-10-05 07:00:00
479,96,processing,2,2024-12-04 00:00:00,2024-12-12 21:00:00
480,92,delivered,,2024-04-17 00:00:00,2024-04-27 12:00:00
481,31,shipped,,2024-05-28 00:00:00,2024-05-30 23:00:00
482,136,delivered,,2024-01-23 00:00:00,2024-01-29 08:00:00
483,21,shipped,,2024-06-05 00:00:00,2024-06-12 02:00:00
484,149,delivered,2,2024-01-01 00:00:00,2024-01-08 16:00:00
485,183,delivered,,2024-09-23 00:00:00,2024-10-02 20:00:00
486,89,cancelled,,2024-10-13 00:00:00,2024-10-14 10:00:00
487,128,returned,,2024-03-31 00:00:00,2024-04-07 15:00:00
488,112,delivered,,2024-01-14 00:00:00,2024-01-22 06:00:00
489,132,shipped,3,2024-05-31 00:00:00,2024-06-01 17:00:00
490,28,returned,1,2024-10-21 00:00:00,2024-10-26 17:00:00
491,48,delivered,,2024-09-24 00:00:00,2024-09-30 13:00:00
492,161,delivered,1,2024-01-19 00:00:00,2024-01-23 19:00:00
493,122,shipped,,2024-04-09 00:00:00,2024-04-10 10:00:00
494,2,delivered,,2024-09-17 00:00:00,2024-09-23 07:00:00
495,126,delivered,,2024-07-17 00:00:00,2024-07-26 08:00:00
496,163,delivered,,2024-01-30 00:00:00,2024-02-02 11:00:00
497,195,delivered,2,2024-09-25 00:00:00,2024-09-28 06:00:00
498,70,delivered,,2024-12-22 00:00:00,2024-12-25 04:00:00
499,64,shipped,,2024-08-02 00:00:00,2024-08-08 08:00:00
500,112,delivered,,2024-01-12 00:00:00,2024-01-19 21:00:00
501,10,processing,1,2024-10-03 00:00:00,2024-10-12 22:00:00
502,1,cancelled,,2024-08-29 00:00:00,2024-09-05 02:00:00
503,152,delivered,,2024-06-11 00:00:00,2024-06-14 17:00:00
504,76,delivered,,2024-04-21 00:00:00,2024-04-28 12:00:00
505,134,delivered,,2024-12-23 00:00:00,2025-01-02 15:00:00
506,42,delivered,,2024-05-25 00:00:00,2024-06-03 15:00:00
507,197,delivered,,2024-08-23 00:00:00,2024-08-26 15:00:00
508,175,delivered,,2024-01-22 00:00:00,2024-02-01 02:00:00
509,162,delivered,2,2024-04-05 00:00:00,2024-04-08 13:00:00
510,193,delivered,,2024-12-15 00:00:00,2024-12-23 05:00:00
511,139,returned,4,2024-08-24 00:00:00,2024-08-30 21:00:00
512,116,shipped,,2024-03-20 00:00:00,2024-03-21 03:00:00
513,73,delivered,,2024-01-24 00:00:00,2024-01-26 22:00:00
514,96,delivered,,2024-09-16 00:00:00,2024-09-19 06:00:00
515,62,processing,,2024-01-11 00:00:00,2024-01-13 07:00:00
516,39,delivered,,2024-03-21 00:00:00,2024-03-28 17:00:00
517,132,delivered,2,2024-01-17 00:00:00,2024-01-24 17:00:00
518,159,delivered,,2024-09-26 00:00:00,2024-10-01 04:00:00
519,80,processing,,2024-04-24 00:00:00,2024-04-27 07:00:00
520,35,delivered,1,2024-11-02 00:00:00,2024-11-04 09:00:00
521,97,delivered,,2024-04-14 00:00:00,2024-04-22 12:00:00
522,180,delivered,4,2024-04-08 00:00:00,2024-04-16 22:00:00
523,175,cancelled,,2024-02-25 00:00:00,2024-02-27 06:00:00
524,183,shipped,4,2024-01-20 00:00:00,2024-01-27 12:00:00
525,4,cancelled,3,2024-04-11 00:00:00,2024-04-18 06:00:00
526,28,shipped,1,2024-07-04 00:00:00,2024-07-08 15:00:00
527,172,delivered,,2024-08-19 00:00:00,2024-08-23 06:00:00
528,138,delivered,,2024-12-04 00:00:00,2024-12-10 19:00:00
529,164,returned,4,2024-02-29 00:00:00,2024-03-05 10:00:00
530,96,delivered,,2024-08-14 00:00:00,2024-08-20 23:00:00
531,143,shipped,,2024-01-30 00:00:00,2024-02-03 01:00:00
532,86,shipped,,2024-07-18 00:00:00,2024-07-25 20:00:00
533,62,processing,,2024-04-08 00:00:00,2024-04-17 17:00:00
534,12,delivered,,2024-05-19 00:00:00,2024-05-20 13:00:00
535,151,cancelled,4,2024-04-22 00:00:00,2024-04-28 22:00:00
536,74,delivered,,2024-02-10 00:00:00,2024-02-11 09:00:00
537,84,delivered,,2024-02-07 00:00:00,2024-02-15 06:00:00
538,40,shipped,,2024-04-27 00:00:00,2024-05-04 13:00:00
539,6,delivered,3,2024-04-13 00:00:00,2024-04-20 05:00:00
540,200,returned,4,2024-02-19 00:00:00,2024-02-27 13:00:00
541,158,delivered,4,2024-05-24 00:00:00,2024-05-29 20:00:00
542,56,returned,,2024-01-29 00:00:00,2024-02-05 01:00:00
543,5,delivered,,2024-08-25 00:00:00,2024-08-31 15:00:00
544,70,delivered,,2024-05-12 00:00:00,2024-05-19 14:00:00
545,18,delivered,1,2024-02-06 00:00:00,2024-02-08 21:00:00
546,200,delivered,,2024-02-01 00:00:00,2024-02-06 07:00:00
547,14,delivered,,2024-09-28 00:00:00,2024-10-07 19:00:00
548,143,shipped,,2024-07-25 00:00:00,2024-07-29 03:00:00
549,34,returned,,2024-07-18 00:00:00,2024-07-19 16:00:00
550,28,delivered,3,2024-11-01 00:00:00,2024-11-05 15:00:00
551,183,shipped,,2024-09-26 00:00:00,2024-10-01 10:00:00
552,199,returned,,2024-05-21 00:00:00,2024-05-29 15:00:00
553,81,delivered,4,2024-11-29 00:00:00,2024-12-07 03:00:00
554,101,shipped,,2024-11-01 00:00:00,2024-11-11 11:00:00
555,58,processing,1,2024-01-01 00:00:00,2024-01-05 22:00:00
556,74,processing,,2024-09-02 00:00:00,2024-09-10 01:00:00
557,30,processing,,2024-04-05 00:00:00,2024-04-07 11:00:00
558,112,shipped,,2024-08-06 00:00:00,2024-08-11 08:00:00
559,130,shipped,4,2024-07-08 00:00:00,2024-07-15 12:00:00
560,95,delivered,,2024-11-22 00:00:00,2024-12-01 01:00:00
561,31,delivered,,2024-09-21 00:00:00,2024-09-30 01:00:00
562,194,cancelled,,2024-04-28 00:00:00,2024-05-08 11:00:00
563,58,processing,4,2024-06-29 00:00:00,2024-07-09 12:00:00
564,137,shipped,,2024-04-29 00:00:00,2024-05-03 17:00:00
565,79,delivered,,2024-08-03 00:00:00,2024-08-09 22:00:00
566,183,delivered,2,2024-12-05 00:00:00,2024-12-06 07:00:00
567,10,delivered,,2024-06-17 00:00:00,2024-06-21 16:00:00
568,84,shipped,3,2024-01-02 00:00:00,2024-01-06 07:00:00
569,172,delivered,,2024-07-04 00:00:00,2024-07-07 04:00:00
570,99,returned,,2024-06-14 00:00:00,2024-06-20 04:00:00
571,161,delivered,,2024-01-29 00:00:00,2024-02-05 15:00:00
572,56,shipped,,2024-03-10 00:00:00,2024-03-20 18:00:00
573,58,delivered,1,2024-07-15 00:00:00,2024-07-18 15:00:00
574,70,processing,,2024-12-18 00:00:00,2024-12-26 18:00:00
575,14,delivered,,2024-08-01 00:00:00,2024-08-05 14:00:00
576,57,delivered,,2024-10-07 00:00:00,2024-10-12 20:00:00
577,1,delivered,1,2024-10-25 00:00:00,2024-10-27 09:00:00
578,18,delivered,,2024-06-14 00:00:00,2024-06-15 12:00:00
579,68,delivered,,2024-11-14 00:00:00,2024-11-15 16:00:00
580,144,delivered,,2024-01-09 00:00:00,2024-01-14 23:00:00
581,36,shipped,,2024-04-03 00:00:00,2024-04-04 06:00:00
582,71,returned,,2024-09-05 00:00:00,2024-09-12 21:00:00
583,101,delivered,,2024-01-03 00:00:00,2024-01-06 23:00:00
584,148,delivered,,2024-08-27 00:00:00,2024-09-01 23:00:00
585,105,shipped,,2024-02-23 00:00:00,2024-03-03 07:00:00
586,192,delivered,,2024-06-25 00:00:00,2024-07-05 08:00:00
587,164,delivered,,2024-09-02 00:00:00,2024-09-04 16:00:00
588,91,processing,,2024-11-02 00:00:00,2024-11-05 09:00:00
589,48,shipped,,2024-01-02 00:00:00,2024-01-07 01:00:00
590,152,delivered,,2024-01-30 00:00:00,2024-02-03 09:00:00
591,105,delivered,,2024-01-28 00:00:00,2024-02-01 19:00:00
592,49,shipped,,2024-06-10 00:00:00,2024-06-18 08:00:00
593,28,shipped,,2024-02-20 00:00:00,2024-02-28 19:00:00
594,45,delivered,,2024-02-08 00:00:00,2024-02-13 19:00:00
595,89,delivered,,2024-02-12 00:00:00,2024-02-22 09:00:00
596,23,delivered,2,2024-02-19 00:00:00,2024-02-26 04:00:00
597,151,shipped,1,2024-07-18 00:00:00,2024-07-21 23:00:00
598,6,shipped,,2024-01-29 00:00:00,2024-02-04 14:00:00
599,90,delivered,,2024-10-17 00:00:00,2024-10-21 05:00:00
600,186,shipped,1,2024-10-28 00:00:00,2024-11-06 07:00:00
601,92,delivered,,2024-02-23 00:00:00,2024-02-24 11:00:00
602,130,delivered,1,2024-02-10 00:00:00,2024-02-15 20:00:00
603,92,delivered,,2024-11-26 00:00:00,2024-12-06 04:00:00
604,189,shipped,,2024-02-21 00:00:00,2024-02-29 22:00:00
605,113,processing,2,2024-04-08 00:00:00,2024-04-18 18:00:00
606,174,delivered,,2024-01-01 00:00:00,2024-01-02 09:00:00
607,71,delivered,,2024-09-12 00:00:00,2024-09-18 08:00:00
608,51,delivered,,2024-01-25 00:00:00,2024-01-29 23:00:00
609,60,shipped,,2024-04-18 00:00:00,2024-04-27 14:00:00
610,153,shipped,3,2024-11-16 00:00:00,2024-11-21 06:00:00
611,11,cancelled,,2024-03-27 00:00:00,2024-04-06 10:00:00
612,181,returned,,2024-07-30 00:00:00,2024-08-02 06:00:00
613,70,delivered,,2024-12-25 00:00:00,2024-12-27 14:00:00
614,13,delivered,4,2024-07-31 00:00:00,2024-08-06 11:00:00
615,125,delivered,,2024-12-08 00:00:00,2024-12-15 17:00:00
616,120,delivered,,2024-06-11 00:00:00,2024-06-15 15:00:00
617,157,returned,,2024-10-17 00:00:00,2024-10-25 10:00:00
618,48,processing,,2024-05-29 00:00:00,2024-06-06 16:00:00
619,136,delivered,,2024-05-05 00:00:00,2024-05-13 07:00:00
620,42,cancelled,,2024-12-11 00:00:00,2024-12-13 11:00:00
621,113,shipped,,2024-09-24 00:00:00,2024-10-01 15:00:00
622,41,delivered,,2024-09-16 00:00:00,2024-09-18 11:00:00
623,117,delivered,,2024-10-19 00:00:00,2024-10-29 18:00:00
624,121,delivered,,2024-09-29 00:00:00,2024-10-02 14:00:00
625,79,shipped,,2024-12-22 00:00:00,2025-01-01 06:00:00
626,190,delivered,,2024-02-15 00:00:00,2024-02-23 15:00:00
627,56,delivered,,2024-05-22 00:00:00,2024-05-24 23:00:00
628,162,delivered,,2024-01-27 00:00:00,2024-02-02 16:00:00
629,94,shipped,,2024-04-25 00:00:00,2024-04-26 08:00:00
630,11,delivered,,2024-11-13 00:00:00,2024-11-23 07:00:00
631,109,shipped,1,2024-12-04 00:00:00,2024-12-13 04:00:00
632,23,delivered,,2024-08-19 00:00:00,2024-08-27 21:00:00
633,161,delivered,,2024-10-19 00:00:00,2024-10-22 22:00:00
634,79,shipped,,2024-09-02 00:00:00,2024-09-04 12:00:00
635,94,delivered,,2024-11-02 00:00:00,2024-11-08 05:00:00
636,90,delivered,,2024-05-04 00:00:00,2024-05-10 06:00:00
637,90,shipped,,2024-12-02 00:00:00,2024-12-08 16:00:00
638,188,delivered,,2024-02-24 00:00:00,2024-02-26 13:00:00
639,117,delivered,4,2024-10-29 00:00:00,2024-11-04 16:00:00
640,1,delivered,2,2024-04-24 00:00:00,2024-05-04 05:00:00
641,38,shipped,,2024-06-25 00:00:00,2024-07-05 03:00:00
642,157,delivered,3,2024-05-27 00:00:00,2024-06-03 18:00:00
643,61,processing,2,2024-01-05 00:00:00,2024-01-11 01:00:00
644,151,returned,2,2024-06-12 00:00:00,2024-06-21 02:00:00
645,117,delivered,,2024-11-10 00:00:00,2024-11-16 06:00:00
646,12,delivered,3,2024-09-29 00:00:00,2024-10-05 22:00:00
647,175,shipped,,2024-02-09 00:00:00,2024-02-17 14:00:00
648,38,shipped,,2024-12-29 00:00:00,2025-01-05 13:00:00
649,122,cancelled,1,2024-01-12 00:00:00,2024-01-14 15:00:00
650,88,processing,,2024-09-13 00:00:00,2024-09-17 20:00:00
651,114,shipped,,2024-04-23 00:00:00,2024-05-02 18:00:00
652,41,shipped,,2024-07-20 00:00:00,2024-07-25 07:00:00
653,154,processing,2,2024-07-09 00:00:00,2024-07-17 08:00:00
654,103,delivered,1,2024-12-20 00:00:00,2024-12-28 09:00:00
655,28,delivered,,2024-07-18 00:00:00,2024-07-25 03:00:00
656,158,shipped,,2024-12-10 00:00:00,2024-12-13 02:00:00
657,183,delivered,,2024-02-12 00:00:00,2024-02-21 20:00:00
658,90,delivered,,2024-12-03 00:00:00,2024-12-05 15:00:00
659,34,delivered,4,2024-02-25 00:00:00,2024-03-04 14:00:00
660,18,delivered,,2024-01-06 00:00:00,2024-01-16 10:00:00
661,145,delivered,,2024-06-03 00:00:00,2024-06-11 22:00:00
662,140,delivered,,2024-08-11 00:00:00,2024-08-20 10:00:00
663,5,cancelled,3,2024-04-20 00:00:00,2024-04-21 09:00:00
664,73,delivered,,2024-11-24 00:00:00,2024-11-29 05:00:00
665,16,delivered,,2024-10-02 00:00:00,2024-10-08 21:00:00
666,77,shipped,,2024-04-30 00:00:00,2024-05-03 10:00:00
667,189,delivered,,2024-04-23 00:00:00,2024-04-28 17:00:00
668,8,delivered,,2024-08-17 00:00:00,2024-08-27 05:00:00
669,94,shipped,,2024-08-05 00:00:00,2024-08-07 12:00:00
670,143,delivered,,2024-04-18 00:00:00,2024-04-21 12:00:00
671,89,processing,,2024-03-25 00:00:00,2024-04-02 21:00:00
672,44,shipped,,2024-04-02 00:00:00,2024-04-03 20:00:00
673,7,delivered,,2024-02-14 00:00:00,2024-02-19 06:00:00
674,108,shipped,,2024-05-11 00:00:00,2024-05-13 07:00:00
675,140,delivered,3,2024-05-04 00:00:00,2024-05-12 19:00:00
676,147,delivered,,2024-08-08 00:00:00,2024-08-16 01:00:00
677,127,delivered,,2024-02-18 00:00:00,2024-02-22 01:00:00
678,128,shipped,2,2024-08-31 00:00:00,2024-09-06 18:00:00
679,84,delivered,1,2024-02-07 00:00:00,2024-02-08 17:00:00
680,181,shipped,,2024-05-10 00:00:00,2024-05-19 21:00:00
681,61,delivered,,2024-11-24 00:00:00,2024-12-04 14:00:00
682,52,delivered,,2024-04-11 00:00:00,2024-04-13 09:00:00
683,77,delivered,,2024-11-01 00:00:00,2024-11-03 15:00:00
684,12,returned,4,2024-07-30 00:00:00,2024-08-08 13:00:00
685,113,delivered,,2024-12-09 00:00:00,2024-12-13 19:00:00
686,65,delivered,,2024-09-07 00:00:00,2024-09-08 08:00:00
687,25,delivered,,2024-11-12 00:00:00,2024-11-22 04:00:00
688,49,delivered,,2024-08-13 00:00:00,2024-08-17 14:00:00
689,131,shipped,,2024-01-24 00:00:00,2024-02-02 05:00:00
690,88,delivered,,2024-04-23 00:00:00,2024-04-24 15:00:00
691,139,shipped,,2024-12-30 00:00:00,2025-01-04 13:00:00
692,158,delivered,4,2024-10-03 00:00:00,2024-10-10 06:00:00
693,111,returned,,2024-08-29 00:00:00,2024-09-05 07:00:00
694,125,delivered,1,2024-08-02 00:00:00,2024-08-04 01:00:00
695,172,delivered,,2024-02-10 00:00:00,2024-02-18 11:00:00
696,187,delivered,,2024-11-06 00:00:00,2024-11-13 04:00:00
697,183,delivered,,2024-10-12 00:00:00,2024-10-21 10:00:00
698,161,shipped,2,2024-11-27 00:00:00,2024-12-05 04:00:00
699,173,returned,4,2024-10-22 00:00:00,2024-10-26 09:00:00
700,65,returned,1,2024-11-01 00:00:00,2024-11-02 22:00:00
701,29,delivered,4,2024-11-23 00:00:00,2024-12-02 19:00:00
702,39,shipped,1,2024-02-09 00:00:00,2024-02-16 17:00:00
703,105,processing,,2024-06-13 00:00:00,2024-06-21 13:00:00
704,7,delivered,,2024-09-14 00:00:00,2024-09-15 12:00:00
705,129,delivered,,2024-12-20 00:00:00,2024-12-27 04:00:00
706,84,cancelled,,2024-02-13 00:00:00,2024-02-23 19:00:00
707,49,delivered,,2024-09-03 00:00:00,2024-09-09 21:00:00
708,136,delivered,1,2024-02-02 00:00:00,2024-02-08 18:00:00
709,185,delivered,,2024-04-23 00:00:00,2024-05-02 19:00:00
710,153,delivered,,2024-05-12 00:00:00,2024-05-21 12:00:00
711,17,delivered,,2024-12-11 00:00:00,2024-12-19 18:00:00
712,159,delivered,,2024-03-05 00:00:00,2024-03-06 20:00:00
713,65,delivered,,2024-03-09 00:00:00,2024-03-17 01:00:00
714,116,returned,,2024-07-17 00:00:00,2024-07-25 10:00:00
715,124,delivered,,2024-11-22 00:00:00,2024-11-25 19:00:00
716,156,delivered,4,2024-05-22 00:00:00,2024-05-30 01:00:00
717,52,delivered,1,2024-07-21 00:00:00,2024-07-26 14:00:00
718,109,delivered,,2024-03-22 00:00:00,2024-04-01 13:00:00
719,72,cancelled,,2024-06-06 00:00:00,2024-06-16 08:00:00
720,195,delivered,,2024-08-14 00:00:00,2024-08-18 09:00:00
721,29,delivered,,2024-04-19 00:00:00,2024-04-28 10:00:00
722,193,delivered,,2024-10-21 00:00:00,2024-10-25 05:00:00
723,143,shipped,,2024-01-11 00:00:00,2024-01-20 23:00:00
724,133,returned,,2024-02-06 00:00:00,2024-02-11 14:00:00
725,86,shipped,3,2024-08-23 00:00:00,2024-08-24 14:00:00
726,141,processing,,2024-08-13 00:00:00,2024-08-17 06:00:00
727,105,returned,,2024-06-19 00:00:00,2024-06-29 06:00:00
728,185,delivered,,2024-05-17 00:00:00,2024-05-27 05:00:00
729,175,delivered,,2024-10-03 00:00:00,2024-10-06 11:00:00
730,41,cancelled,,2024-08-03 00:00:00,2024-08-12 22:00:00
731,198,processing,2,2024-05-05 00:00:00,2024-05-09 01:00:00
732,105,returned,4,2024-08-19 00:00:00,2024-08-24 12:00:00
733,106,shipped,3,2024-02-15 00:00:00,2024-02-17 02:00:00
734,46,returned,,2024-02-20 00:00:00,2024-02-21 02:00:00
735,135,delivered,,2024-03-16 00:00:00,2024-03-19 14:00:00
736,195,delivered,,2024-07-03 00:00:00,2024-07-04 22:00:00
737,147,shipped,,2024-01-14 00:00:00,2024-01-18 04:00:00
738,70,returned,2,2024-06-30 00:00:00,2024-07-10 23:00:00
739,137,processing,,2024-05-15 00:00:00,2024-05-25 06:00:00
740,108,cancelled,,2024-10-11 00:00:00,2024-10-20 05:00:00
741,43,shipped,,2024-11-20 00:00:00,2024-11-23 05:00:00
742,99,delivered,,2024-03-12 00:00:00,2024-03-13 15:00:00
743,200,delivered,,2024-12-15 00:00:00,2024-12-16 14:00:00
744,16,returned,,2024-02-28 00:00:00,2024-03-09 02:00:00
745,91,shipped,4,2024-05-06 00:00:00,2024-05-14 16:00:00
746,1,delivered,,2024-03-16 00:00:00,2024-03-19 21:00:00
747,2,delivered,,2024-06-04 00:00:00,2024-06-06 13:00:00
748,140,delivered,1,2024-02-12 00:00:00,2024-02-20 17:00:00
749,23,delivered,,2024-10-23 00:00:00,2024-11-01 19:00:00
750,61,delivered,,2024-10-26 00:00:00,2024-11-05 15:00:00
751,55,shipped,,2024-06-17 00:00:00,2024-06-23 23:00:00
752,172,delivered,,2024-01-06 00:00:00,2024-01-09 20:00:00
753,31,delivered,,2024-02-12 00:00:00,2024-02-22 11:00:00
754,69,shipped,1,2024-10-29 00:00:00,2024-10-31 21:00:00
755,76,delivered,,2024-11-20 00:00:00,2024-11-26 18:00:00
756,43,shipped,3,2024-05-16 00:00:00,2024-05-22 10:00:00
757,172,delivered,3,2024-02-01 00:00:00,2024-02-04 23:00:00
758,72,returned,,2024-03-27 00:00:00,2024-04-04 05:00:00
759,161,delivered,,2024-05-25 00:00:00,2024-06-02 14:00:00
760,194,delivered,2,2024-06-25 00:00:00,2024-07-02 18:00:00
761,157,delivered,,2024-05-24 00:00:00,2024-05-26 05:00:00
762,25,returned,,2024-01-19 00:00:00,2024-01-28 19:00:00
763,33,delivered,,2024-05-12 00:00:00,2024-05-16 18:00:00
764,100,delivered,,2024-09-10 00:00:00,2024-09-15 19:00:00
765,41,delivered,,2024-12-29 00:00:00,2025-01-08 06:00:00
766,86,delivered,,2024-10-22 00:00:00,2024-10-27 13:00:00
767,157,delivered,,2024-03-24 00:00:00,2024-04-01 19:00:00
768,115,delivered,4,2024-10-05 00:00:00,2024-10-13 19:00:00
769,60,shipped,,2024-04-25 00:00:00,2024-04-29 07:00:00
770,130,delivered,4,2024-11-23 00:00:00,2024-11-26 14:00:00
771,191,delivered,,2024-04-23 00:00:00,2024-04-26 08:00:00
772,146,delivered,,2024-10-14 00:00:00,2024-10-17 05:00:00
773,68,shipped,,2024-01-18 00:00:00,2024-01-21 14:00:00
774,112,delivered,,2024-05-18 00:00:00,2024-05-27 16:00:00
775,46,delivered,,2024-06-06 00:00:00,2024-06-07 13:00:00
776,22,delivered,,2024-08-15 00:00:00,2024-08-17 10:00:00
777,157,delivered,,2024-08-12 00:00:00,2024-08-21 15:00:00
778,29,shipped,,2024-08-17 00:00:00,2024-08-25 10:00:00
779,45,delivered,,2024-09-06 00:00:00,2024-09-11 02:00:00
780,16,delivered,,2024-08-08 00:00:00,2024-08-15 01:00:00
781,147,delivered,4,2024-10-20 00:00:00,2024-10-26 14:00:00
782,108,delivered,,2024-11-02 00:00:00,2024-11-07 03:00:00
783,2,delivered,,2024-11-30 00:00:00,2024-12-09 14:00:00
784,101,shipped,4,2024-04-03 00:00:00,2024-04-06 21:00:00
785,14,delivered,4,2024-10-15 00:00:00,2024-10-25 02:00:00
786,100,returned,1,2024-07-11 00:00:00,2024-07-13 04:00:00
787,8,processing,,2024-11-30 00:00:00,2024-12-08 11:00:00
788,92,delivered,,2024-08-30 00:00:00,2024-09-06 09:00:00
789,67,delivered,,2024-12-13 00:00:00,2024-12-17 12:00:00
790,111,delivered,3,2024-08-16 00:00:00,2024-08-17 12:00:00
791,64,shipped,,2024-07-02 00:00:00,2024-07-08 03:00:00
792,39,delivered,,2024-06-12 00:00:00,2024-06-20 04:00:00
793,164,delivered,3,2024-04-09 00:00:00,2024-04-10 22:00:00
794,127,shipped,4,2024-05-20 00:00:00,2024-05-25 22:00:00
795,121,returned,,2024-02-16 00:00:00,2024-02-20 19:00:00
796,113,shipped,,2024-12-13 00:00:00,2024-12-21 23:00:00
797,78,delivered,,2024-11-11 00:00:00,2024-11-14 14:00:00
798,130,delivered,,2024-07-26 00:00:00,2024-08-05 16:00:00
799,199,returned,,2024-01-19 00:00:00,2024-01-27 15:00:00
800,176,shipped,,2024-03-12 00:00:00,2024-03-17 17:00:00
801,160,delivered,3,2024-01-28 00:00:00,2024-02-05 15:00:00
802,169,delivered,,2024-03-20 00:00:00,2024-03-27 12:00:00
803,60,delivered,,2024-11-27 00:00:00,2024-12-05 13:00:00
804,85,delivered,,2024-08-11 00:00:00,2024-08-18 09:00:00
805,9,delivered,,2024-04-09 00:00:00,2024-04-15 13:00:00
806,109,delivered,,2024-05-09 00:00:00,2024-05-10 08:00:00
807,99,delivered,,2024-06-24 00:00:00,2024-06-28 20:00:00
808,200,returned,,2024-10-12 00:00:00,2024-10-16 03:00:00
809,183,delivered,2,2024-01-19 00:00:00,2024-01-29 20:00:00
810,115,delivered,,2024-09-30 00:00:00,2024-10-08 13:00:00
811,162,shipped,1,2024-07-06 00:00:00,2024-07-10 20:00:00
812,166,returned,,2024-08-13 00:00:00,2024-08-15 05:00:00
813,59,delivered,,2024-05-31 00:00:00,2024-06-04 21:00:00
814,8,delivered,,2024-10-25 00:00:00,2024-11-01 21:00:00
815,87,delivered,,2024-05-17 00:00:00,2024-05-26 02:00:00
816,15,delivered,,2024-01-16 00:00:00,2024-01-19 12:00:00
817,17,delivered,,2024-08-05 00:00:00,2024-08-06 23:00:00
818,17,shipped,,2024-03-05 00:00:00,2024-03-08 18:00:00
819,159,delivered,,2024-08-17 00:00:00,2024-08-27 17:00:00
820,81,returned,1,2024-05-01 00:00:00,2024-05-06 22:00:00
821,54,processing,,2024-03-28 00:00:00,2024-04-06 02:00:00
822,59,processing,,2024-07-02 00:00:00,2024-07-12 04:00:00
823,197,delivered,,2024-01-14 00:00:00,2024-01-15 13:00:00
824,124,delivered,,2024-12-20 00:00:00,2024-12-21 03:00:00
825,85,delivered,,2024-09-23 00:00:00,2024-10-02 02:00:00
826,175,delivered,,2024-11-24 00:00:00,2024-12-02 12:00:00
827,104,delivered,,2024-05-02 00:00:00,2024-05-03 08:00:00
828,138,delivered,,2024-09-09 00:00:00,2024-09-16 01:00:00
829,178,shipped,,2024-04-08 00:00:00,2024-04-12 12:00:00
830,40,delivered,,2024-08-23 00:00:00,2024-08-31 22:00:00
831,100,delivered,1,2024-09-26 00:00:00,2024-09-29 01:00:00
832,32,delivered,,2024-01-20 00:00:00,2024-01-29 15:00:00
833,174,delivered,3,2024-11-05 00:00:00,2024-11-07 09:00:00
834,115,delivered,1,2024-07-25 00:00:00,2024-08-01 08:00:00
835,186,delivered,,2024-08-11 00:00:00,2024-08-21 15:00:00
836,199,returned,,2024-12-02 00:00:00,2024-12-04 10:00:00
837,90,delivered,1,2024-07-04 00:00:00,2024-07-06 11:00:00
838,109,delivered,2,2024-07-04 00:00:00,2024-07-14 09:00:00
839,187,delivered,,2024-06-23 00:00:00,2024-06-24 23:00:00
840,112,cancelled,,2024-11-30 00:00:00,2024-12-03 06:00:00
841,58,shipped,1,2024-07-07 00:00:00,2024-07-16 03:00:00
842,1,delivered,,2024-01-13 00:00:00,2024-01-17 07:00:00
843,35,delivered,3,2024-10-27 00:00:00,2024-10-31 21:00:00
844,3,delivered,,2024-12-30 00:00:00,2025-01-02 23:00:00
845,168,delivered,,2024-11-22 00:00:00,2024-11-29 08:00:00
846,176,delivered,,2024-12-15 00:00:00,2024-12-22 16:00:00
847,136,shipped,,2024-03-12 00:00:00,2024-03-15 19:00:00
848,177,returned,3,2024-06-19 00:00:00,2024-06-28 13:00:00
849,142,delivered,,2024-06-02 00:00:00,2024-06-05 11:00:00
850,199,delivered,,2024-12-01 00:00:00,2024-12-09 04:00:00
851,200,shipped,,2024-12-20 00:00:00,2024-12-23 16:00:00
852,3,delivered,,2024-02-16 00:00:00,2024-02-24 23:00:00
853,162,shipped,,2024-09-21 00:00:00,2024-09-23 12:00:00
854,106,delivered,4,2024-09-30 00:00:00,2024-10-09 01:00:00
855,199,cancelled,,2024-06-22 00:00:00,2024-06-23 14:00:00
856,142,shipped,,2024-12-29 00:00:00,2025-01-07 22:00:00
857,62,shipped,2,2024-01-20 00:00:00,2024-01-25 09:00:00
858,162,delivered,3,2024-11-26 00:00:00,2024-11-29 20:00:00
859,152,delivered,,2024-01-16 00:00:00,2024-01-19 22:00:00
860,19,delivered,,2024-08-12 00:00:00,2024-08-13 03:00:00
861,150,delivered,,2024-10-10 00:00:00,2024-10-16 16:00:00
862,129,processing,,2024-05-14 00:00:00,2024-05-19 18:00:00
863,65,delivered,,2024-01-24 00:00:00,2024-01-30 16:00:00
864,103,cancelled,,2024-03-12 00:00:00,2024-03-20 19:00:00
865,69,processing,,2024-05-20 00:00:00,2024-05-26 04:00:00
866,26,delivered,,2024-04-10 00:00:00,2024-04-15 07:00:00
867,110,delivered,,2024-06-11 00:00:00,2024-06-15 22:00:00
868,35,delivered,,2024-05-20 00:00:00,2024-05-23 04:00:00
869,91,delivered,2,2024-09-16 00:00:00,2024-09-20 17:00:00
870,112,delivered,,2024-07-26 00:00:00,2024-07-28 12:00:00
871,54,delivered,,2024-04-11 00:00:00,2024-04-20 09:00:00
872,197,delivered,3,2024-12-03 00:00:00,2024-12-07 15:00:00
873,197,returned,,2024-04-24 00:00:00,2024-05-02 23:00:00
874,88,returned,,2024-06-07 00:00:00,2024-06-12 12:00:00
875,50,returned,,2024-08-09 00:00:00,2024-08-16 08:00:00
876,117,cancelled,,2024-01-02 00:00:00,2024-01-12 13:00:00
877,86,delivered,4,2024-12-05 00:00:00,2024-12-12 04:00:00
878,119,cancelled,,2024-07-12 00:00:00,2024-07-19 15:00:00
879,131,delivered,,2024-09-13 00:00:00,2024-09-22 20:00:00
880,29,delivered,,2024-04-23 00:00:00,2024-05-01 10:00:00
881,75,shipped,,2024-05-24 00:00:00,2024-05-30 05:00:00
882,140,delivered,,2024-09-26 00:00:00,2024-10-02 03:00:00
883,173,shipped,,2024-04-21 00:00:00,2024-04-30 15:00:00
884,158,shipped,,2024-03-29 00:00:00,2024-04-08 02:00:00
885,4,delivered,2,2024-08-20 00:00:00,2024-08-28 10:00:00
886,188,delivered,4,2024-10-20 00:00:00,2024-10-27 15:00:00
887,176,returned,,2024-04-19 00:00:00,2024-04-22 02:00:00
888,7,delivered,,2024-02-26 00:00:00,2024-03-06 16:00:00
889,180,shipped,,2024-08-16 00:00:00,2024-08-19 03:00:00
890,47,returned,,2024-09-03 00:00:00,2024-09-12 16:00:00
891,110,shipped,1,2024-07-10 00:00:00,2024-07-19 04:00:00
892,123,delivered,1,2024-07-17 00:00:00,2024-07-21 20:00:00
893,60,returned,,2024-08-15 00:00:00,2024-08-17 08:00:00
894,3,delivered,,2024-04-23 00:00:00,2024-04-27 12:00:00
895,32,delivered,,2024-06-17 00:00:00,2024-06-19 10:00:00
896,121,shipped,,2024-08-12 00:00:00,2024-08-21 19:00:00
897,81,processing,2,2024-07-07 00:00:00,2024-07-14 13:00:00
898,5,delivered,3,2024-06-05 00:00:00,2024-06-14 18:00:00
899,176,delivered,,2024-11-11 00:00:00,2024-11-18 09:00:00
900,56,shipped,,2024-06-29 00:00:00,2024-07-09 08:00:00
901,19,delivered,,2024-07-15 00:00:00,2024-07-25 19:00:00
902,174,shipped,1,2024-05-01 00:00:00,2024-05-06 06:00:00
903,99,delivered,,2024-01-06 00:00:00,2024-01-10 10:00:00
904,125,delivered,4,2024-12-07 00:00:00,2024-12-11 12:00:00
905,7,shipped,4,2024-04-14 00:00:00,2024-04-19 22:00:00
906,123,cancelled,,2024-06-03 00:00:00,2024-06-12 13:00:00
907,190,delivered,,2024-01-01 00:00:00,2024-01-02 14:00:00
908,104,processing,,2024-07-22 00:00:00,2024-07-26 13:00:00
909,159,returned,,2024-09-07 00:00:00,2024-09-17 07:00:00
910,19,delivered,4,2024-07-08 00:00:00,2024-07-11 21:00:00
911,171,returned,,2024-09-16 00:00:00,2024-09-18 02:00:00
912,130,delivered,,2024-02-26 00:00:00,2024-03-05 17:00:00
913,106,returned,2,2024-08-08 00:00:00,2024-08-12 16:00:00
914,15,shipped,,2024-02-15 00:00:00,2024-02-23 04:00:00
915,105,delivered,4,2024-12-06 00:00:00,2024-12-08 04:00:00
916,66,shipped,,2024-08-06 00:00:00,2024-08-07 20:00:00
917,2,shipped,,2024-04-29 00:00:00,2024-05-07 19:00:00
918,183,delivered,,2024-11-30 00:00:00,2024-12-10 05:00:00
919,93,delivered,1,2024-10-07 00:00:00,2024-10-14 02:00:00
920,79,delivered,,2024-09-08 00:00:00,2024-09-13 19:00:00
921,114,delivered,,2024-04-01 00:00:00,2024-04-07 13:00:00
922,136,delivered,,2024-10-12 00:00:00,2024-10-13 17:00:00
923,111,cancelled,,2024-12-18 00:00:00,2024-12-20 16:00:00
924,158,delivered,,2024-07-16 00:00:00,2024-07-26 01:00:00
925,74,delivered,,2024-07-19 00:00:00,2024-07-21 10:00:00
926,147,shipped,,2024-01-17 00:00:00,2024-01-19 20:00:00
927,159,delivered,,2024-05-01 00:00:00,2024-05-10 11:00:00
928,52,delivered,,2024-09-10 00:00:00,2024-09-18 12:00:00
929,148,delivered,,2024-04-24 00:00:00,2024-04-25 14:00:00
930,9,delivered,,2024-06-21 00:00:00,2024-06-25 20:00:00
931,164,delivered,,2024-01-10 00:00:00,2024-01-18 13:00:00
932,24,delivered,,2024-03-01 00:00:00,2024-03-05 13:00:00
933,29,delivered,,2024-06-28 00:00:00,2024-07-06 04:00:00
934,56,processing,,2024-02-02 00:00:00,2024-02-09 03:00:00
935,190,delivered,,2024-01-31 00:00:00,2024-02-07 04:00:00
936,42,delivered,,2024-12-18 00:00:00,2024-12-27 14:00:00
937,157,shipped,,2024-09-12 00:00:00,2024-09-14 13:00:00
938,133,delivered,2,2024-03-30 00:00:00,2024-04-06 19:00:00
939,35,delivered,2,2024-07-01 00:00:00,2024-07-02 01:00:00
940,145,delivered,4,2024-09-26 00:00:00,2024-09-30 12:00:00
941,24,delivered,,2024-11-09 00:00:00,2024-11-16 04:00:00
942,32,returned,,2024-11-22 00:00:00,2024-11-24 11:00:00
943,5,delivered,,2024-06-11 00:00:00,2024-06-20 18:00:00
944,121,delivered,,2024-12-25 00:00:00,2024-12-31 05:00:00
945,182,shipped,,2024-07-10 00:00:00,2024-07-14 21:00:00
946,48,delivered,,2024-08-15 00:00:00,2024-08-22 07:00:00
947,177,delivered,3,2024-01-05 00:00:00,2024-01-09 15:00:00
948,104,delivered,,2024-02-05 00:00:00,2024-02-11 19:00:00
949,49,shipped,,2024-03-04 00:00:00,2024-03-08 14:00:00
950,172,shipped,,2024-08-25 00:00:00,2024-09-01 01:00:00
951,162,delivered,,2024-02-25 00:00:00,2024-02-29 23:00:00
952,28,delivered,1,2024-03-02 00:00:00,2024-03-09 11:00:00
953,41,delivered,,2024-12-10 00:00:00,2024-12-12 06:00:00
954,68,delivered,,2024-08-20 00:00:00,2024-08-28 01:00:00
955,100,shipped,1,2024-10-10 00:00:00,2024-10-14 15:00:00
956,16,delivered,,2024-01-04 00:00:00,2024-01-06 06:00:00
957,71,shipped,,2024-03-01 00:00:00,2024-03-08 01:00:00
958,195,cancelled,1,2024-03-22 00:00:00,2024-03-28 02:00:00
959,198,processing,,2024-11-13 00:00:00,2024-11-18 23:00:00
960,122,delivered,2,2024-03-18 00:00:00,2024-03-19 15:00:00
961,84,shipped,,2024-09-12 00:00:00,2024-09-19 16:00:00
962,170,delivered,,2024-10-01 00:00:00,2024-10-06 17:00:00
963,199,returned,,2024-02-16 00:00:00,2024-02-18 01:00:00
964,109,delivered,4,2024-10-04 00:00:00,2024-10-09 20:00:00
965,28,delivered,,2024-09-25 00:00:00,2024-10-01 05:00:00
966,69,processing,,2024-05-10 00:00:00,2024-05-15 18:00:00
967,138,delivered,,2024-12-11 00:00:00,2024-12-19 09:00:00
968,153,delivered,,2024-07-19 00:00:00,2024-07-23 22:00:00
969,41,shipped,,2024-03-31 00:00:00,2024-04-05 21:00:00
970,139,delivered,,2024-03-09 00:00:00,2024-03-14 10:00:00
971,144,delivered,,2024-10-09 00:00:00,2024-10-16 12:00:00
972,79,delivered,,2024-04-18 00:00:00,2024-04-26 05:00:00
973,84,returned,,2024-07-08 00:00:00,2024-07-17 16:00:00
974,90,delivered,,2024-10-29 00:00:00,2024-11-07 12:00:00
975,124,delivered,,2024-01-25 00:00:00,2024-01-28 20:00:00
976,40,returned,2,2024-10-15 00:00:00,2024-10-20 10:00:00
977,63,delivered,,2024-06-01 00:00:00,2024-06-06 09:00:00
978,147,delivered,,2024-06-19 00:00:00,2024-06-25 20:00:00
979,89,returned,,2024-02-11 00:00:00,2024-02-18 20:00:00
980,122,delivered,2,2024-06-18 00:00:00,2024-06-20 18:00:00
981,78,delivered,1,2024-09-11 00:00:00,2024-09-14 23:00:00
982,127,shipped,,2024-08-30 00:00:00,2024-09-03 06:00:00
983,7,processing,,2024-12-05 00:00:00,2024-12-13 13:00:00
984,33,delivered,3,2024-09-23 00:00:00,2024-10-01 15:00:00
985,39,delivered,,2024-08-18 00:00:00,2024-08-26 17:00:00
986,73,delivered,,2024-08-24 00:00:00,2024-08-29 06:00:00
987,172,delivered,,2024-03-06 00:00:00,2024-03-08 07:00:00
988,27,delivered,,2024-11-15 00:00:00,2024-11-20 23:00:00
989,90,cancelled,1,2024-12-13 00:00:00,2024-12-21 04:00:00
990,75,returned,,2024-02-02 00:00:00,2024-02-10 14:00:00
991,10,delivered,,2024-12-05 00:00:00,2024-12-07 11:00:00
992,165,delivered,,2024-09-13 00:00:00,2024-09-18 08:00:00
993,4,delivered,,2024-08-26 00:00:00,2024-08-30 09:00:00
994,82,delivered,,2024-07-02 00:00:00,2024-07-08 22:00:00
995,9,returned,,2024-10-29 00:00:00,2024-11-05 14:00:00
996,6,delivered,,2024-03-28 00:00:00,2024-03-30 04:00:00
997,26,delivered,,2024-08-18 00:00:00,2024-08-19 14:00:00
998,127,shipped,,2024-11-23 00:00:00,2024-11-29 05:00:00
999,11,delivered,,2024-01-20 00:00:00,2024-01-29 15:00:00
1000,145,delivered,,2024-04-27 00:00:00,2024-05-02 21:00:00
